{
    "foreground_intensity_properties_per_channel": {
        "0": {
            "max": 932.0187377929688,
            "mean": 322.2136535644531,
            "median": 305.4754943847656,
            "min": 27.26424789428711,
            "percentile_00_5": 131.17828369140625,
            "percentile_99_5": 632.5704345703125,
            "std": 98.3246841430664
        },
        "1": {
            "max": 627.14599609375,
            "mean": 262.2937316894531,
            "median": 263.2864685058594,
            "min": 13.164154052734375,
            "percentile_00_5": 129.15664672851562,
            "percentile_99_5": 421.4098815917969,
            "std": 56.324275970458984
        },
        "2": {
            "max": 1198.069091796875,
            "mean": 435.605224609375,
            "median": 429.99151611328125,
            "min": 1.184014916419983,
            "percentile_00_5": 180.9188995361328,
            "percentile_99_5": 837.4638671875,
            "std": 107.27430725097656
        },
        "3": {
            "max": 1452.8779296875,
            "mean": 563.5432739257812,
            "median": 540.2421875,
            "min": 0.0,
            "percentile_00_5": 205.90879821777344,
            "percentile_99_5": 1234.3211669921875,
            "std": 178.50669860839844
        }
    },
    "median_relative_size_after_cropping": 0.9869791666666667,
    "shapes_after_crop": [
        [
            192,
            512,
            432
        ],
        [
            192,
            512,
            432
        ],
        [
            189,
            512,
            432
        ],
        [
            192,
            512,
            432
        ],
        [
            184,
            502,
            432
        ],
        [
            192,
            490,
            432
        ],
        [
            187,
            509,
            432
        ],
        [
            191,
            512,
            432
        ],
        [
            192,
            512,
            432
        ],
        [
            192,
            512,
            432
        ],
        [
            190,
            512,
            432
        ],
        [
            192,
            512,
            432
        ],
        [
            192,
            512,
            432
        ],
        [
            192,
            512,
            432
        ],
        [
            189,
            512,
            432
        ],
        [
            183,
            501,
            432
        ],
        [
            188,
            512,
            432
        ],
        [
            182,
            511,
            432
        ],
        [
            192,
            512,
            432
        ],
        [
            192,
            510,
            432
        ],
        [
            192,
            497,
            429
        ],
        [
            192,
            489,
            432
        ],
        [
            192,
            512,
            432
        ],
        [
            189,
            496,
            422
        ],
        [
            187,
            512,
            432
        ],
        [
            189,
            512,
            432
        ]
    ],
    "spacings": [
        [
            1.0000014305114746,
            0.5,
            0.5
        ],
        [
            1.0000014305114746,
            0.5,
            0.5
        ],
        [
            1.0000014305114746,
            0.5,
            0.5
        ],
        [
            1.0000014305114746,
            0.5,
            0.5
        ],
        [
            1.0000014305114746,
            0.5,
            0.5
        ],
        [
            1.0000014305114746,
            0.5,
            0.5
        ],
        [
            1.0000014305114746,
            0.5,
            0.5
        ],
        [
            1.0000014305114746,
            0.5,
            0.5
        ],
        [
            1.0000014305114746,
            0.5,
            0.5
        ],
        [
            1.0000014305114746,
            0.5,
            0.5
        ],
        [
            1.0000014305114746,
            0.5,
            0.5
        ],
        [
            1.0000014305114746,
            0.5,
            0.5
        ],
        [
            1.0000014305114746,
            0.5,
            0.5
        ],
        [
            1.0000014305114746,
            0.5,
            0.5
        ],
        [
            1.0000014305114746,
            0.5,
            0.5
        ],
        [
            1.0000014305114746,
            0.5,
            0.5
        ],
        [
            1.0000014305114746,
            0.5,
            0.5
        ],
        [
            1.0000014305114746,
            0.5,
            0.5
        ],
        [
            1.0000014305114746,
            0.5,
            0.5
        ],
        [
            1.0000014305114746,
            0.5,
            0.5
        ],
        [
            1.0000014305114746,
            0.5,
            0.5
        ],
        [
            1.0000014305114746,
            0.5,
            0.5
        ],
        [
            1.0000014305114746,
            0.5,
            0.5
        ],
        [
            1.0000014305114746,
            0.5,
            0.5
        ],
        [
            1.0000014305114746,
            0.5,
            0.5
        ],
        [
            1.0000014305114746,
            0.5,
            0.5
        ]
    ]
}